Parameter,Value
rho,0.6970813041905051
sigmaConf,1.342179848123461
theta,0.4191487455770051
