Parameter,Value
rho,0.6666368723278656
sigmaConf,0.9241223758266388
theta,0.7236489616628359
alpha_sd,11.97928256986089
beta_sd,5.4852915724960045
