Parameter,Value
rho,0.4999999578896507
sigmaConf,1.0000000347033007
theta,0.49999994721446944
