Parameter,Value
rho,0.7668371318658034
sigmaConf,1.1859845886834475
theta,0.2862428034906346
