Parameter,Value
rho,0.944183055617159
sigmaConf,0.9959047251414038
theta,0.2167184270002524
alpha_sd,13.217373954433665
beta_sd,5.4852915724960045
